[{"model": "auth.permission", "pk": 1, "fields": {"name": "Can add log entry", "content_type": 1, "codename": "add_logentry"}}, {"model": "auth.permission", "pk": 2, "fields": {"name": "Can change log entry", "content_type": 1, "codename": "change_logentry"}}, {"model": "auth.permission", "pk": 3, "fields": {"name": "Can delete log entry", "content_type": 1, "codename": "delete_logentry"}}, {"model": "auth.permission", "pk": 4, "fields": {"name": "Can view log entry", "content_type": 1, "codename": "view_logentry"}}, {"model": "auth.permission", "pk": 5, "fields": {"name": "Can add permission", "content_type": 2, "codename": "add_permission"}}, {"model": "auth.permission", "pk": 6, "fields": {"name": "Can change permission", "content_type": 2, "codename": "change_permission"}}, {"model": "auth.permission", "pk": 7, "fields": {"name": "Can delete permission", "content_type": 2, "codename": "delete_permission"}}, {"model": "auth.permission", "pk": 8, "fields": {"name": "Can view permission", "content_type": 2, "codename": "view_permission"}}, {"model": "auth.permission", "pk": 9, "fields": {"name": "Can add group", "content_type": 3, "codename": "add_group"}}, {"model": "auth.permission", "pk": 10, "fields": {"name": "Can change group", "content_type": 3, "codename": "change_group"}}, {"model": "auth.permission", "pk": 11, "fields": {"name": "Can delete group", "content_type": 3, "codename": "delete_group"}}, {"model": "auth.permission", "pk": 12, "fields": {"name": "Can view group", "content_type": 3, "codename": "view_group"}}, {"model": "auth.permission", "pk": 13, "fields": {"name": "Can add user", "content_type": 4, "codename": "add_user"}}, {"model": "auth.permission", "pk": 14, "fields": {"name": "Can change user", "content_type": 4, "codename": "change_user"}}, {"model": "auth.permission", "pk": 15, "fields": {"name": "Can delete user", "content_type": 4, "codename": "delete_user"}}, {"model": "auth.permission", "pk": 16, "fields": {"name": "Can view user", "content_type": 4, "codename": "view_user"}}, {"model": "auth.permission", "pk": 17, "fields": {"name": "Can add content type", "content_type": 5, "codename": "add_contenttype"}}, {"model": "auth.permission", "pk": 18, "fields": {"name": "Can change content type", "content_type": 5, "codename": "change_contenttype"}}, {"model": "auth.permission", "pk": 19, "fields": {"name": "Can delete content type", "content_type": 5, "codename": "delete_contenttype"}}, {"model": "auth.permission", "pk": 20, "fields": {"name": "Can view content type", "content_type": 5, "codename": "view_contenttype"}}, {"model": "auth.permission", "pk": 21, "fields": {"name": "Can add session", "content_type": 6, "codename": "add_session"}}, {"model": "auth.permission", "pk": 22, "fields": {"name": "Can change session", "content_type": 6, "codename": "change_session"}}, {"model": "auth.permission", "pk": 23, "fields": {"name": "Can delete session", "content_type": 6, "codename": "delete_session"}}, {"model": "auth.permission", "pk": 24, "fields": {"name": "Can view session", "content_type": 6, "codename": "view_session"}}, {"model": "auth.permission", "pk": 25, "fields": {"name": "Can add message", "content_type": 7, "codename": "add_message"}}, {"model": "auth.permission", "pk": 26, "fields": {"name": "Can change message", "content_type": 7, "codename": "change_message"}}, {"model": "auth.permission", "pk": 27, "fields": {"name": "Can delete message", "content_type": 7, "codename": "delete_message"}}, {"model": "auth.permission", "pk": 28, "fields": {"name": "Can view message", "content_type": 7, "codename": "view_message"}}, {"model": "auth.permission", "pk": 29, "fields": {"name": "Can add thread", "content_type": 8, "codename": "add_thread"}}, {"model": "auth.permission", "pk": 30, "fields": {"name": "Can change thread", "content_type": 8, "codename": "change_thread"}}, {"model": "auth.permission", "pk": 31, "fields": {"name": "Can delete thread", "content_type": 8, "codename": "delete_thread"}}, {"model": "auth.permission", "pk": 32, "fields": {"name": "Can view thread", "content_type": 8, "codename": "view_thread"}}, {"model": "auth.user", "pk": 1, "fields": {"password": "pbkdf2_sha256$600000$ET65dfID1Mib9ThjGov4RH$T+s3goFK6wa5QTlPa0RZAplmK85JuHB9u8UcgHwdE2U=", "last_login": "2023-04-12T09:45:12.479Z", "is_superuser": true, "username": "chat_admin", "first_name": "", "last_name": "", "email": "admin@chat.com", "is_staff": true, "is_active": true, "date_joined": "2023-04-12T09:43:49.551Z", "groups": [], "user_permissions": []}}, {"model": "auth.user", "pk": 2, "fields": {"password": "pbkdf2_sha256$600000$qTQNa1HagL2HyZ2McdAgxI$dYE4WtlopK4zrAErmy6+YLzkuenTNlpxAZ00aFrbW/Q=", "last_login": null, "is_superuser": false, "username": "User_1", "first_name": "User_1", "last_name": "User_1", "email": "User_1@users.com", "is_staff": false, "is_active": true, "date_joined": "2023-04-12T13:00:23.127Z", "groups": [], "user_permissions": []}}, {"model": "auth.user", "pk": 3, "fields": {"password": "pbkdf2_sha256$600000$3PuTdYGZiHIlLk0RIC3AUV$M+shI5UtzS8YQ08HUNWo68XKQNIrMElhQfHP+ws/nJs=", "last_login": null, "is_superuser": false, "username": "User_2", "first_name": "User_2", "last_name": "User_2", "email": "User_2@users.com", "is_staff": false, "is_active": true, "date_joined": "2023-04-12T13:00:23.133Z", "groups": [], "user_permissions": []}}, {"model": "auth.user", "pk": 4, "fields": {"password": "pbkdf2_sha256$600000$GK62s0wgV11teJIWyjlSRt$ZjFFKw7NdsZUuW4qF2rAO/If69FUc/BZXzgqfWRgzLY=", "last_login": null, "is_superuser": false, "username": "User_3", "first_name": "User_3", "last_name": "User_3", "email": "User_3@users.com", "is_staff": false, "is_active": true, "date_joined": "2023-04-12T13:00:23.134Z", "groups": [], "user_permissions": []}}, {"model": "auth.user", "pk": 5, "fields": {"password": "pbkdf2_sha256$600000$gjJU9sXiMcxl07ZNrYlyti$OmwKQWhB0hg6U/FciHzeOvCnyElf3iLKdMI57PdJHrU=", "last_login": null, "is_superuser": false, "username": "User_4", "first_name": "User_4", "last_name": "User_4", "email": "User_4@users.com", "is_staff": false, "is_active": true, "date_joined": "2023-04-12T13:00:23.136Z", "groups": [], "user_permissions": []}}, {"model": "auth.user", "pk": 6, "fields": {"password": "pbkdf2_sha256$600000$dzqwdnobKVUNYk2xfWuwfs$spTytedCz8ePmAUw4AYSogU8c+f+k9+qAVWqWBWMwWc=", "last_login": null, "is_superuser": false, "username": "User_5", "first_name": "User_5", "last_name": "User_5", "email": "User_5@users.com", "is_staff": false, "is_active": true, "date_joined": "2023-04-12T13:00:23.138Z", "groups": [], "user_permissions": []}}, {"model": "auth.user", "pk": 7, "fields": {"password": "pbkdf2_sha256$600000$lRfwFJdEppq67HA63JY9AU$FjTg9IXYhwh752jMGcIeamhASpCGUaaVWYhZ/5h9xZI=", "last_login": null, "is_superuser": false, "username": "User_6", "first_name": "User_6", "last_name": "User_6", "email": "User_6@users.com", "is_staff": false, "is_active": true, "date_joined": "2023-04-12T13:00:23.139Z", "groups": [], "user_permissions": []}}, {"model": "auth.user", "pk": 8, "fields": {"password": "pbkdf2_sha256$600000$3oytar6lgm79nbZ5XiI6U8$H8vEZWWYypY3M2iVO4Ei+bAPmpP35LWRsTOtNUerQmE=", "last_login": null, "is_superuser": false, "username": "User_7", "first_name": "User_7", "last_name": "User_7", "email": "User_7@users.com", "is_staff": false, "is_active": true, "date_joined": "2023-04-12T13:00:23.140Z", "groups": [], "user_permissions": []}}, {"model": "auth.user", "pk": 9, "fields": {"password": "pbkdf2_sha256$600000$e59fiabtGKIl4y86gNI03f$MVZGWSYFaIMSz0zRdFOMSqbCL8FBmzSC2Y09s4824Dk=", "last_login": null, "is_superuser": false, "username": "User_8", "first_name": "User_8", "last_name": "User_8", "email": "User_8@users.com", "is_staff": false, "is_active": true, "date_joined": "2023-04-12T13:00:23.142Z", "groups": [], "user_permissions": []}}, {"model": "auth.user", "pk": 10, "fields": {"password": "pbkdf2_sha256$600000$CXaGO0CpKnVjAn46AUwW6F$pUvnW8h2XE5itbzSAhahLWA/DxlYIl9aQ7mSReA7ifU=", "last_login": null, "is_superuser": false, "username": "User_9", "first_name": "User_9", "last_name": "User_9", "email": "User_9@users.com", "is_staff": false, "is_active": true, "date_joined": "2023-04-12T13:00:23.143Z", "groups": [], "user_permissions": []}}, {"model": "auth.user", "pk": 11, "fields": {"password": "pbkdf2_sha256$600000$sLHRmTGNqdM4tiH7oIGEZP$PVHhPRedDKKqbCB78psrB2B7/7M33yzdPiVOU6Y9cJY=", "last_login": null, "is_superuser": false, "username": "User_10", "first_name": "User_10", "last_name": "User_10", "email": "User_10@users.com", "is_staff": false, "is_active": true, "date_joined": "2023-04-12T13:00:23.144Z", "groups": [], "user_permissions": []}}, {"model": "auth.user", "pk": 12, "fields": {"password": "pbkdf2_sha256$600000$dPtgupEwmx3aE9MpzfvkoD$698J/ZaGgJp6AG8TBA/rIsno20/EvD3iYaCbNqXRK3g=", "last_login": null, "is_superuser": false, "username": "User_11", "first_name": "User_11", "last_name": "User_11", "email": "User_11@users.com", "is_staff": false, "is_active": true, "date_joined": "2023-04-12T13:00:23.146Z", "groups": [], "user_permissions": []}}, {"model": "auth.user", "pk": 13, "fields": {"password": "pbkdf2_sha256$600000$WG0A57CzlMTbL6BYkDAZJj$liDrZMxCINZoBNinWwui1d2IRx77ISUM23gJpOyYdyo=", "last_login": null, "is_superuser": false, "username": "User_12", "first_name": "User_12", "last_name": "User_12", "email": "User_12@users.com", "is_staff": false, "is_active": true, "date_joined": "2023-04-12T13:00:23.147Z", "groups": [], "user_permissions": []}}, {"model": "auth.user", "pk": 14, "fields": {"password": "pbkdf2_sha256$600000$okXo6Sh38paGGEaTbAKNGc$RU2JTmb9DEegApLXYJVjrayy+w2ODuf/OPEjMbjNiac=", "last_login": null, "is_superuser": false, "username": "User_13", "first_name": "User_13", "last_name": "User_13", "email": "User_13@users.com", "is_staff": false, "is_active": true, "date_joined": "2023-04-12T13:00:23.148Z", "groups": [], "user_permissions": []}}, {"model": "auth.user", "pk": 15, "fields": {"password": "pbkdf2_sha256$600000$yMfsRr6NevlTZWRrl1MGym$g3UpU2lEhlZwGNpu9xIRQBKmVdlp21JBENDFNjXsMr0=", "last_login": null, "is_superuser": false, "username": "User_14", "first_name": "User_14", "last_name": "User_14", "email": "User_14@users.com", "is_staff": false, "is_active": true, "date_joined": "2023-04-12T13:00:23.150Z", "groups": [], "user_permissions": []}}, {"model": "auth.user", "pk": 16, "fields": {"password": "pbkdf2_sha256$600000$fb71dLBbqEwDaouXhzFSgw$pAg/0LiqCMWqC24YNEIU9exCFer63ZhldXXAM5x44yY=", "last_login": null, "is_superuser": false, "username": "User_15", "first_name": "User_15", "last_name": "User_15", "email": "User_15@users.com", "is_staff": false, "is_active": true, "date_joined": "2023-04-12T13:00:23.151Z", "groups": [], "user_permissions": []}}, {"model": "auth.user", "pk": 17, "fields": {"password": "pbkdf2_sha256$600000$yZLhxKlEzMB09HoZSeHI1h$33UCTEFv871UkDgAwrX/rxOdq27FluCF5gOnj2qMVmU=", "last_login": null, "is_superuser": false, "username": "User_16", "first_name": "User_16", "last_name": "User_16", "email": "User_16@users.com", "is_staff": false, "is_active": true, "date_joined": "2023-04-12T13:00:23.152Z", "groups": [], "user_permissions": []}}, {"model": "auth.user", "pk": 18, "fields": {"password": "pbkdf2_sha256$600000$Vbtz8KXd4rC7udQJp03g9e$cXTgtVrs8icfxFiSQYlDTj8bKPniK35hTxJn2wT/5a4=", "last_login": null, "is_superuser": false, "username": "User_17", "first_name": "User_17", "last_name": "User_17", "email": "User_17@users.com", "is_staff": false, "is_active": true, "date_joined": "2023-04-12T13:00:23.154Z", "groups": [], "user_permissions": []}}, {"model": "auth.user", "pk": 19, "fields": {"password": "pbkdf2_sha256$600000$ag46NSzdcsUifD2K5YFGE1$RTPIIbneDdhDUNdYnBVHcpz01pYkomKnx7XiSj+sH5g=", "last_login": null, "is_superuser": false, "username": "User_18", "first_name": "User_18", "last_name": "User_18", "email": "User_18@users.com", "is_staff": false, "is_active": true, "date_joined": "2023-04-12T13:00:23.155Z", "groups": [], "user_permissions": []}}, {"model": "auth.user", "pk": 20, "fields": {"password": "pbkdf2_sha256$600000$by10C29a3O5b04Yf9S6zAx$WAM/wxsz3XQmJda5iOE+MrcmPvnZr4cppoWh3dSljio=", "last_login": null, "is_superuser": false, "username": "User_19", "first_name": "User_19", "last_name": "User_19", "email": "User_19@users.com", "is_staff": false, "is_active": true, "date_joined": "2023-04-12T13:00:23.156Z", "groups": [], "user_permissions": []}}, {"model": "auth.user", "pk": 21, "fields": {"password": "pbkdf2_sha256$600000$EW8gfm3qRczF2iPMIetGaD$1gZCLX31TA9/LH0r/v9ji3+VmCqOx62bIna52sZBNnk=", "last_login": null, "is_superuser": false, "username": "User_20", "first_name": "User_20", "last_name": "User_20", "email": "User_20@users.com", "is_staff": false, "is_active": true, "date_joined": "2023-04-12T13:00:23.158Z", "groups": [], "user_permissions": []}}, {"model": "contenttypes.contenttype", "pk": 1, "fields": {"app_label": "admin", "model": "logentry"}}, {"model": "contenttypes.contenttype", "pk": 2, "fields": {"app_label": "auth", "model": "permission"}}, {"model": "contenttypes.contenttype", "pk": 3, "fields": {"app_label": "auth", "model": "group"}}, {"model": "contenttypes.contenttype", "pk": 4, "fields": {"app_label": "auth", "model": "user"}}, {"model": "contenttypes.contenttype", "pk": 5, "fields": {"app_label": "contenttypes", "model": "contenttype"}}, {"model": "contenttypes.contenttype", "pk": 6, "fields": {"app_label": "sessions", "model": "session"}}, {"model": "contenttypes.contenttype", "pk": 7, "fields": {"app_label": "chat", "model": "message"}}, {"model": "contenttypes.contenttype", "pk": 8, "fields": {"app_label": "chat", "model": "thread"}}, {"model": "sessions.session", "pk": "bw9io36swba0dlycyxdc2n8vxeg55yej", "fields": {"session_data": ".eJxVjEEOwiAQRe_C2pCCFBiX7nsGMsyAVA1NSrsy3l1JutDtf-_9lwi4byXsLa1hZnERSpx-t4j0SLUDvmO9LZKWuq1zlF2RB21yWjg9r4f7d1CwlW9t0UOyahgiMigG7bRLOTObs_GaRgbCrEwirSAicCbrdeYRYhcciPcH83c4TQ:1pmX2O:uXhoM3iPGLWMO3MnJ2O1VvJKtSVs3UZzvrA1g1hkc6Y", "expire_date": "2023-04-26T09:45:12.482Z"}}, {"model": "chat.thread", "pk": 1, "fields": {"created": "2023-04-12T13:29:53.092Z", "updated": "2023-04-12T13:29:53.104Z", "participants": [2, 5, 14, 19]}}, {"model": "chat.thread", "pk": 2, "fields": {"created": "2023-04-12T13:29:53.106Z", "updated": "2023-04-12T13:29:53.110Z", "participants": [4, 9, 10, 12, 15]}}, {"model": "chat.thread", "pk": 3, "fields": {"created": "2023-04-12T13:29:53.111Z", "updated": "2023-04-12T13:29:53.115Z", "participants": [5, 9, 10, 15, 20]}}, {"model": "chat.thread", "pk": 4, "fields": {"created": "2023-04-12T13:29:53.117Z", "updated": "2023-04-12T13:29:53.120Z", "participants": [5, 7, 13, 16, 19]}}, {"model": "chat.thread", "pk": 5, "fields": {"created": "2023-04-12T13:29:53.122Z", "updated": "2023-04-12T13:29:53.125Z", "participants": [2, 4, 5, 10, 14]}}, {"model": "chat.thread", "pk": 6, "fields": {"created": "2023-04-12T13:29:53.127Z", "updated": "2023-04-12T13:29:53.131Z", "participants": [3, 7, 15, 16, 19]}}, {"model": "chat.thread", "pk": 7, "fields": {"created": "2023-04-12T13:29:53.132Z", "updated": "2023-04-12T13:29:53.136Z", "participants": [5, 6, 11, 17]}}, {"model": "chat.thread", "pk": 8, "fields": {"created": "2023-04-12T13:29:53.137Z", "updated": "2023-04-12T13:29:53.140Z", "participants": [2, 4, 8, 14, 20]}}, {"model": "chat.thread", "pk": 9, "fields": {"created": "2023-04-12T13:29:53.142Z", "updated": "2023-04-12T13:29:53.145Z", "participants": [12, 19, 21]}}, {"model": "chat.thread", "pk": 10, "fields": {"created": "2023-04-12T13:29:53.146Z", "updated": "2023-04-12T13:29:53.149Z", "participants": [12, 17, 19, 21]}}, {"model": "chat.message", "pk": 1, "fields": {"sender": 4, "text": "Message No0 text", "thread": 8, "created": "2023-04-12T13:43:05.182Z", "is_read": false}}, {"model": "chat.message", "pk": 2, "fields": {"sender": 20, "text": "Message No1 text", "thread": 6, "created": "2023-04-12T13:43:05.187Z", "is_read": false}}, {"model": "chat.message", "pk": 3, "fields": {"sender": 2, "text": "Message No2 text", "thread": 3, "created": "2023-04-12T13:43:05.189Z", "is_read": false}}, {"model": "chat.message", "pk": 4, "fields": {"sender": 15, "text": "Message No3 text", "thread": 8, "created": "2023-04-12T13:43:05.192Z", "is_read": false}}, {"model": "chat.message", "pk": 5, "fields": {"sender": 7, "text": "Message No4 text", "thread": 8, "created": "2023-04-12T13:43:05.194Z", "is_read": false}}, {"model": "chat.message", "pk": 6, "fields": {"sender": 15, "text": "Message No5 text", "thread": 1, "created": "2023-04-12T13:43:05.197Z", "is_read": false}}, {"model": "chat.message", "pk": 7, "fields": {"sender": 9, "text": "Message No6 text", "thread": 1, "created": "2023-04-12T13:43:05.199Z", "is_read": false}}, {"model": "chat.message", "pk": 8, "fields": {"sender": 2, "text": "Message No7 text", "thread": 10, "created": "2023-04-12T13:43:05.202Z", "is_read": false}}, {"model": "chat.message", "pk": 9, "fields": {"sender": 21, "text": "Message No8 text", "thread": 4, "created": "2023-04-12T13:43:05.204Z", "is_read": false}}, {"model": "chat.message", "pk": 10, "fields": {"sender": 14, "text": "Message No9 text", "thread": 2, "created": "2023-04-12T13:43:05.206Z", "is_read": false}}, {"model": "chat.message", "pk": 11, "fields": {"sender": 17, "text": "Message No10 text", "thread": 8, "created": "2023-04-12T13:43:05.209Z", "is_read": false}}, {"model": "chat.message", "pk": 12, "fields": {"sender": 13, "text": "Message No11 text", "thread": 2, "created": "2023-04-12T13:43:05.211Z", "is_read": false}}, {"model": "chat.message", "pk": 13, "fields": {"sender": 20, "text": "Message No12 text", "thread": 8, "created": "2023-04-12T13:43:05.214Z", "is_read": false}}, {"model": "chat.message", "pk": 14, "fields": {"sender": 19, "text": "Message No13 text", "thread": 4, "created": "2023-04-12T13:43:05.216Z", "is_read": false}}, {"model": "chat.message", "pk": 15, "fields": {"sender": 20, "text": "Message No14 text", "thread": 4, "created": "2023-04-12T13:43:05.219Z", "is_read": false}}, {"model": "chat.message", "pk": 16, "fields": {"sender": 13, "text": "Message No15 text", "thread": 3, "created": "2023-04-12T13:43:05.221Z", "is_read": false}}, {"model": "chat.message", "pk": 17, "fields": {"sender": 21, "text": "Message No16 text", "thread": 1, "created": "2023-04-12T13:43:05.223Z", "is_read": false}}, {"model": "chat.message", "pk": 18, "fields": {"sender": 4, "text": "Message No17 text", "thread": 1, "created": "2023-04-12T13:43:05.225Z", "is_read": false}}, {"model": "chat.message", "pk": 19, "fields": {"sender": 19, "text": "Message No18 text", "thread": 4, "created": "2023-04-12T13:43:05.228Z", "is_read": false}}, {"model": "chat.message", "pk": 20, "fields": {"sender": 2, "text": "Message No19 text", "thread": 7, "created": "2023-04-12T13:43:05.230Z", "is_read": false}}, {"model": "chat.message", "pk": 21, "fields": {"sender": 21, "text": "Message No20 text", "thread": 8, "created": "2023-04-12T13:43:05.232Z", "is_read": false}}, {"model": "chat.message", "pk": 22, "fields": {"sender": 7, "text": "Message No21 text", "thread": 10, "created": "2023-04-12T13:43:05.234Z", "is_read": false}}, {"model": "chat.message", "pk": 23, "fields": {"sender": 8, "text": "Message No22 text", "thread": 3, "created": "2023-04-12T13:43:05.237Z", "is_read": false}}, {"model": "chat.message", "pk": 24, "fields": {"sender": 14, "text": "Message No23 text", "thread": 5, "created": "2023-04-12T13:43:05.238Z", "is_read": false}}, {"model": "chat.message", "pk": 25, "fields": {"sender": 12, "text": "Message No24 text", "thread": 8, "created": "2023-04-12T13:43:05.240Z", "is_read": false}}, {"model": "chat.message", "pk": 26, "fields": {"sender": 6, "text": "Message No25 text", "thread": 3, "created": "2023-04-12T13:43:05.242Z", "is_read": false}}, {"model": "chat.message", "pk": 27, "fields": {"sender": 6, "text": "Message No26 text", "thread": 6, "created": "2023-04-12T13:43:05.245Z", "is_read": false}}, {"model": "chat.message", "pk": 28, "fields": {"sender": 18, "text": "Message No27 text", "thread": 8, "created": "2023-04-12T13:43:05.247Z", "is_read": false}}, {"model": "chat.message", "pk": 29, "fields": {"sender": 19, "text": "Message No28 text", "thread": 10, "created": "2023-04-12T13:43:05.249Z", "is_read": false}}, {"model": "chat.message", "pk": 30, "fields": {"sender": 15, "text": "Message No29 text", "thread": 3, "created": "2023-04-12T13:43:05.251Z", "is_read": false}}, {"model": "chat.message", "pk": 31, "fields": {"sender": 8, "text": "Message No30 text", "thread": 1, "created": "2023-04-12T13:43:05.253Z", "is_read": false}}, {"model": "chat.message", "pk": 32, "fields": {"sender": 16, "text": "Message No31 text", "thread": 8, "created": "2023-04-12T13:43:05.255Z", "is_read": false}}, {"model": "chat.message", "pk": 33, "fields": {"sender": 8, "text": "Message No32 text", "thread": 1, "created": "2023-04-12T13:43:05.257Z", "is_read": false}}, {"model": "chat.message", "pk": 34, "fields": {"sender": 17, "text": "Message No33 text", "thread": 8, "created": "2023-04-12T13:43:05.260Z", "is_read": false}}, {"model": "chat.message", "pk": 35, "fields": {"sender": 13, "text": "Message No34 text", "thread": 3, "created": "2023-04-12T13:43:05.262Z", "is_read": false}}, {"model": "chat.message", "pk": 36, "fields": {"sender": 18, "text": "Message No35 text", "thread": 3, "created": "2023-04-12T13:43:05.264Z", "is_read": false}}, {"model": "chat.message", "pk": 37, "fields": {"sender": 21, "text": "Message No36 text", "thread": 3, "created": "2023-04-12T13:43:05.266Z", "is_read": false}}, {"model": "chat.message", "pk": 38, "fields": {"sender": 18, "text": "Message No37 text", "thread": 4, "created": "2023-04-12T13:43:05.268Z", "is_read": false}}, {"model": "chat.message", "pk": 39, "fields": {"sender": 15, "text": "Message No38 text", "thread": 10, "created": "2023-04-12T13:43:05.270Z", "is_read": false}}, {"model": "chat.message", "pk": 40, "fields": {"sender": 17, "text": "Message No39 text", "thread": 2, "created": "2023-04-12T13:43:05.272Z", "is_read": false}}, {"model": "chat.message", "pk": 41, "fields": {"sender": 18, "text": "Message No40 text", "thread": 1, "created": "2023-04-12T13:43:05.274Z", "is_read": false}}, {"model": "chat.message", "pk": 42, "fields": {"sender": 6, "text": "Message No41 text", "thread": 8, "created": "2023-04-12T13:43:05.276Z", "is_read": false}}, {"model": "chat.message", "pk": 43, "fields": {"sender": 19, "text": "Message No42 text", "thread": 10, "created": "2023-04-12T13:43:05.278Z", "is_read": false}}, {"model": "chat.message", "pk": 44, "fields": {"sender": 7, "text": "Message No43 text", "thread": 7, "created": "2023-04-12T13:43:05.280Z", "is_read": false}}, {"model": "chat.message", "pk": 45, "fields": {"sender": 8, "text": "Message No44 text", "thread": 8, "created": "2023-04-12T13:43:05.282Z", "is_read": false}}, {"model": "chat.message", "pk": 46, "fields": {"sender": 7, "text": "Message No45 text", "thread": 2, "created": "2023-04-12T13:43:05.284Z", "is_read": false}}, {"model": "chat.message", "pk": 47, "fields": {"sender": 20, "text": "Message No46 text", "thread": 2, "created": "2023-04-12T13:43:05.286Z", "is_read": false}}, {"model": "chat.message", "pk": 48, "fields": {"sender": 14, "text": "Message No47 text", "thread": 2, "created": "2023-04-12T13:43:05.287Z", "is_read": false}}, {"model": "chat.message", "pk": 49, "fields": {"sender": 12, "text": "Message No48 text", "thread": 7, "created": "2023-04-12T13:43:05.289Z", "is_read": false}}, {"model": "chat.message", "pk": 50, "fields": {"sender": 7, "text": "Message No49 text", "thread": 8, "created": "2023-04-12T13:43:05.291Z", "is_read": false}}, {"model": "chat.message", "pk": 51, "fields": {"sender": 12, "text": "Message No50 text", "thread": 2, "created": "2023-04-12T13:43:05.293Z", "is_read": false}}, {"model": "chat.message", "pk": 52, "fields": {"sender": 17, "text": "Message No51 text", "thread": 5, "created": "2023-04-12T13:43:05.295Z", "is_read": false}}, {"model": "chat.message", "pk": 53, "fields": {"sender": 6, "text": "Message No52 text", "thread": 4, "created": "2023-04-12T13:43:05.297Z", "is_read": false}}, {"model": "chat.message", "pk": 54, "fields": {"sender": 5, "text": "Message No53 text", "thread": 9, "created": "2023-04-12T13:43:05.299Z", "is_read": false}}, {"model": "chat.message", "pk": 55, "fields": {"sender": 18, "text": "Message No54 text", "thread": 7, "created": "2023-04-12T13:43:05.301Z", "is_read": false}}, {"model": "chat.message", "pk": 56, "fields": {"sender": 6, "text": "Message No55 text", "thread": 5, "created": "2023-04-12T13:43:05.303Z", "is_read": false}}, {"model": "chat.message", "pk": 57, "fields": {"sender": 19, "text": "Message No56 text", "thread": 9, "created": "2023-04-12T13:43:05.304Z", "is_read": false}}, {"model": "chat.message", "pk": 58, "fields": {"sender": 6, "text": "Message No57 text", "thread": 3, "created": "2023-04-12T13:43:05.306Z", "is_read": false}}, {"model": "chat.message", "pk": 59, "fields": {"sender": 18, "text": "Message No58 text", "thread": 7, "created": "2023-04-12T13:43:05.308Z", "is_read": false}}, {"model": "chat.message", "pk": 60, "fields": {"sender": 13, "text": "Message No59 text", "thread": 10, "created": "2023-04-12T13:43:05.310Z", "is_read": false}}, {"model": "chat.message", "pk": 61, "fields": {"sender": 19, "text": "Message No60 text", "thread": 3, "created": "2023-04-12T13:43:05.312Z", "is_read": false}}, {"model": "chat.message", "pk": 62, "fields": {"sender": 20, "text": "Message No61 text", "thread": 1, "created": "2023-04-12T13:43:05.314Z", "is_read": false}}, {"model": "chat.message", "pk": 63, "fields": {"sender": 9, "text": "Message No62 text", "thread": 2, "created": "2023-04-12T13:43:05.315Z", "is_read": false}}, {"model": "chat.message", "pk": 64, "fields": {"sender": 20, "text": "Message No63 text", "thread": 5, "created": "2023-04-12T13:43:05.317Z", "is_read": false}}, {"model": "chat.message", "pk": 65, "fields": {"sender": 18, "text": "Message No64 text", "thread": 6, "created": "2023-04-12T13:43:05.319Z", "is_read": false}}, {"model": "chat.message", "pk": 66, "fields": {"sender": 12, "text": "Message No65 text", "thread": 9, "created": "2023-04-12T13:43:05.321Z", "is_read": false}}, {"model": "chat.message", "pk": 67, "fields": {"sender": 10, "text": "Message No66 text", "thread": 5, "created": "2023-04-12T13:43:05.323Z", "is_read": false}}, {"model": "chat.message", "pk": 68, "fields": {"sender": 11, "text": "Message No67 text", "thread": 4, "created": "2023-04-12T13:43:05.325Z", "is_read": false}}, {"model": "chat.message", "pk": 69, "fields": {"sender": 4, "text": "Message No68 text", "thread": 4, "created": "2023-04-12T13:43:05.326Z", "is_read": false}}, {"model": "chat.message", "pk": 70, "fields": {"sender": 4, "text": "Message No69 text", "thread": 9, "created": "2023-04-12T13:43:05.328Z", "is_read": false}}, {"model": "chat.message", "pk": 71, "fields": {"sender": 5, "text": "Message No70 text", "thread": 3, "created": "2023-04-12T13:43:05.330Z", "is_read": false}}, {"model": "chat.message", "pk": 72, "fields": {"sender": 19, "text": "Message No71 text", "thread": 1, "created": "2023-04-12T13:43:05.332Z", "is_read": false}}, {"model": "chat.message", "pk": 73, "fields": {"sender": 11, "text": "Message No72 text", "thread": 6, "created": "2023-04-12T13:43:05.334Z", "is_read": false}}, {"model": "chat.message", "pk": 74, "fields": {"sender": 7, "text": "Message No73 text", "thread": 4, "created": "2023-04-12T13:43:05.336Z", "is_read": false}}, {"model": "chat.message", "pk": 75, "fields": {"sender": 20, "text": "Message No74 text", "thread": 3, "created": "2023-04-12T13:43:05.339Z", "is_read": false}}, {"model": "chat.message", "pk": 76, "fields": {"sender": 9, "text": "Message No75 text", "thread": 1, "created": "2023-04-12T13:43:05.341Z", "is_read": false}}, {"model": "chat.message", "pk": 77, "fields": {"sender": 20, "text": "Message No76 text", "thread": 1, "created": "2023-04-12T13:43:05.343Z", "is_read": false}}, {"model": "chat.message", "pk": 78, "fields": {"sender": 5, "text": "Message No77 text", "thread": 8, "created": "2023-04-12T13:43:05.345Z", "is_read": false}}, {"model": "chat.message", "pk": 79, "fields": {"sender": 13, "text": "Message No78 text", "thread": 5, "created": "2023-04-12T13:43:05.347Z", "is_read": false}}, {"model": "chat.message", "pk": 80, "fields": {"sender": 4, "text": "Message No79 text", "thread": 6, "created": "2023-04-12T13:43:05.349Z", "is_read": false}}, {"model": "chat.message", "pk": 81, "fields": {"sender": 6, "text": "Message No80 text", "thread": 5, "created": "2023-04-12T13:43:05.351Z", "is_read": false}}, {"model": "chat.message", "pk": 82, "fields": {"sender": 10, "text": "Message No81 text", "thread": 10, "created": "2023-04-12T13:43:05.352Z", "is_read": false}}, {"model": "chat.message", "pk": 83, "fields": {"sender": 9, "text": "Message No82 text", "thread": 7, "created": "2023-04-12T13:43:05.354Z", "is_read": false}}, {"model": "chat.message", "pk": 84, "fields": {"sender": 7, "text": "Message No83 text", "thread": 2, "created": "2023-04-12T13:43:05.356Z", "is_read": false}}, {"model": "chat.message", "pk": 85, "fields": {"sender": 8, "text": "Message No84 text", "thread": 9, "created": "2023-04-12T13:43:05.358Z", "is_read": false}}, {"model": "chat.message", "pk": 86, "fields": {"sender": 12, "text": "Message No85 text", "thread": 1, "created": "2023-04-12T13:43:05.360Z", "is_read": false}}, {"model": "chat.message", "pk": 87, "fields": {"sender": 11, "text": "Message No86 text", "thread": 9, "created": "2023-04-12T13:43:05.361Z", "is_read": false}}, {"model": "chat.message", "pk": 88, "fields": {"sender": 12, "text": "Message No87 text", "thread": 9, "created": "2023-04-12T13:43:05.363Z", "is_read": false}}, {"model": "chat.message", "pk": 89, "fields": {"sender": 13, "text": "Message No88 text", "thread": 3, "created": "2023-04-12T13:43:05.365Z", "is_read": false}}, {"model": "chat.message", "pk": 90, "fields": {"sender": 10, "text": "Message No89 text", "thread": 8, "created": "2023-04-12T13:43:05.367Z", "is_read": false}}, {"model": "chat.message", "pk": 91, "fields": {"sender": 18, "text": "Message No90 text", "thread": 5, "created": "2023-04-12T13:43:05.369Z", "is_read": false}}, {"model": "chat.message", "pk": 92, "fields": {"sender": 2, "text": "Message No91 text", "thread": 2, "created": "2023-04-12T13:43:05.371Z", "is_read": false}}, {"model": "chat.message", "pk": 93, "fields": {"sender": 6, "text": "Message No92 text", "thread": 9, "created": "2023-04-12T13:43:05.373Z", "is_read": false}}, {"model": "chat.message", "pk": 94, "fields": {"sender": 14, "text": "Message No93 text", "thread": 10, "created": "2023-04-12T13:43:05.374Z", "is_read": false}}, {"model": "chat.message", "pk": 95, "fields": {"sender": 14, "text": "Message No94 text", "thread": 1, "created": "2023-04-12T13:43:05.376Z", "is_read": false}}, {"model": "chat.message", "pk": 96, "fields": {"sender": 11, "text": "Message No95 text", "thread": 7, "created": "2023-04-12T13:43:05.378Z", "is_read": false}}, {"model": "chat.message", "pk": 97, "fields": {"sender": 7, "text": "Message No96 text", "thread": 1, "created": "2023-04-12T13:43:05.380Z", "is_read": false}}, {"model": "chat.message", "pk": 98, "fields": {"sender": 17, "text": "Message No97 text", "thread": 8, "created": "2023-04-12T13:43:05.382Z", "is_read": false}}, {"model": "chat.message", "pk": 99, "fields": {"sender": 4, "text": "Message No98 text", "thread": 3, "created": "2023-04-12T13:43:05.384Z", "is_read": false}}, {"model": "chat.message", "pk": 100, "fields": {"sender": 2, "text": "Message No99 text", "thread": 6, "created": "2023-04-12T13:43:05.385Z", "is_read": false}}]